{
  "type": "minecraft:overworld",
  "generator": {
    "type": "minecraft:flat",
    "settings": {
      "layers": [
        {
          "block": "minecraft:bedrock",
          "height": 1
        },
        {
          "block": "minecraft:deepslate",
          "height": 30
        },
        {
          "block": "minecraft:stone",
          "height": 86
        },
        {
          "block": "minecraft:dirt",
          "height": 10
        },
        {
          "block": "minecraft:grass_block",
          "height": 1
        }
      ],
      "biome": "minecraft:plains",
      "structures": {
        "stronghold": {},
        "village": {
          "type": "minecraft:village"
        }
      }
    }
  }
}